,bin,#recs,#g,#b,%g,%b,tot,cg,cb,%cg,FDR,KS,FPR,TP,TN,FN,FP,Accuracy,Misclass,FPRate,FPRatio,TPR,TNR,Precision,f1
0,0.0,0.0,0.0,0.0,0.0,0.0,0.0,0.0,0.0,0.0,0.0,0.0,0.0,0.0,164107.0,2386.0,0.0,0.9856690671679891,0.014330932832010956,0.0,,0.0,1.0,,
1,1.0,1665.0,388.0,1277.0,23.303303303303302,76.6966966966967,1665.0,388.0,1277.0,0.23643110897158562,53.52053646269908,53.28410535372749,0.3038371182458888,1277.0,163719.0,1109.0,388.0,0.9910086309934952,0.008991369006504778,0.0023643110897158563,0.3038371182458888,0.5352053646269908,0.9976356889102841,0.766966966966967,0.6304616144161935
2,2.0,1665.0,1567.0,98.0,94.11411411411412,5.885885885885884,3330.0,1955.0,1375.0,1.1912959227820874,57.627829002514666,56.43653307973258,1.4218181818181819,1375.0,162152.0,1011.0,1955.0,0.982185437225589,0.017814562774410937,0.011912959227820872,1.4218181818181819,0.5762782900251467,0.9880870407721791,0.41291291291291293,0.4811056682995102
3,3.0,1665.0,1629.0,36.0,97.83783783783784,2.1621621621621614,4995.0,3584.0,1411.0,2.1839409653457804,59.13663034367141,56.95268937832563,2.5400425230333097,1411.0,160523.0,975.0,3584.0,0.9726174674010318,0.027382532598968126,0.021839409653457806,2.5400425230333097,0.5913663034367141,0.9781605903465422,0.2824824824824825,0.3823330172063406
4,4.0,1665.0,1654.0,11.0,99.33933933933933,0.6606606606606675,6660.0,5238.0,1422.0,3.1918199711164057,59.59765297569153,56.40583300457513,3.6835443037974684,1422.0,158869.0,964.0,5238.0,0.9627491846504057,0.03725081534959428,0.03191819971116406,3.6835443037974684,0.5959765297569153,0.968081800288836,0.21351351351351353,0.3143931019235021
5,5.0,1665.0,1652.0,13.0,99.21921921921921,0.7807807807807876,8325.0,6890.0,1435.0,4.198480259830476,60.14249790444258,55.9440176446121,4.801393728222997,1435.0,157217.0,951.0,6890.0,0.9529049269338651,0.04709507306613491,0.04198480259830476,4.801393728222997,0.6014249790444258,0.9580151974016953,0.17237237237237238,0.26794883764354405
6,6.0,1665.0,1651.0,14.0,99.15915915915916,0.8408408408408405,9990.0,8541.0,1449.0,5.20453119001627,60.7292539815591,55.52472279154283,5.894409937888199,1449.0,155566.0,937.0,8541.0,0.9430726817343672,0.05692731826563279,0.0520453119001627,5.894409937888199,0.607292539815591,0.9479546880998373,0.14504504504504503,0.2341628959276018
7,7.0,1665.0,1654.0,11.0,99.33933933933933,0.6606606606606675,11655.0,10195.0,1460.0,6.212410195786895,61.190276613579215,54.97786641779232,6.982876712328767,1460.0,153912.0,926.0,10195.0,0.9332043989837411,0.06679560101625895,0.06212410195786895,6.982876712328767,0.6119027661357921,0.937875898042131,0.12526812526812528,0.2079623958407521
8,8.0,1664.0,1655.0,9.0,99.45913461538461,0.5408653846153868,13319.0,11850.0,1469.0,7.220898560085797,61.567476948868396,54.346578388782596,8.066712049012933,1469.0,152257.0,917.0,11850.0,0.9233180974575508,0.07668190254244923,0.07220898560085798,8.066712049012933,0.6156747694886839,0.927791014399142,0.11029356558300173,0.18707418019738936
9,9.0,1665.0,1660.0,5.0,99.69969969969969,0.3003003003003073,14984.0,13510.0,1474.0,8.232433717026087,61.77703269069573,53.544598973669636,9.165535956580733,1474.0,150597.0,912.0,13510.0,0.9133777396046681,0.08662226039533194,0.08232433717026087,9.165535956580733,0.6177703269069572,0.9176756628297391,0.09837159636946076,0.16971790443293033
10,10.0,1665.0,1646.0,19.0,98.85885885885885,1.1411411411411478,16649.0,15156.0,1493.0,9.235437854570494,62.57334450963956,53.33790665506907,10.151373074346953,1493.0,148951.0,893.0,15156.0,0.903605556990384,0.09639444300961603,0.09235437854570494,10.151373074346953,0.6257334450963956,0.9076456214542951,0.08967505555889242,0.1568689256632519
11,11.0,1665.0,1654.0,11.0,99.33933933933933,0.6606606606606675,18314.0,16810.0,1504.0,10.24331686034112,63.03436714165968,52.79105028131856,11.17686170212766,1504.0,147297.0,882.0,16810.0,0.8937372742397578,0.10626272576024218,0.10243316860341119,11.17686170212766,0.6303436714165969,0.8975668313965888,0.08212296603691165,0.14531400966183575
12,12.0,1665.0,1655.0,10.0,99.3993993993994,0.6006006006006004,19979.0,18465.0,1514.0,11.251805224640021,63.45347862531433,52.20167340067431,12.196169088507265,1514.0,145642.0,872.0,18465.0,0.8838569789720889,0.11614302102791109,0.11251805224640021,12.196169088507265,0.6345347862531433,0.8874819477535998,0.07577956854697432,0.13539011848871002
13,13.0,1665.0,1653.0,12.0,99.27927927927928,0.7207207207207205,21644.0,20118.0,1526.0,12.259074871882369,63.956412405699915,51.697337533817546,13.18348623853211,1526.0,143989.0,860.0,20118.0,0.8740007087385055,0.12599929126149448,0.1225907487188237,13.18348623853211,0.6395641240569991,0.8774092512811763,0.0705045278137128,0.12700790678318769
14,14.0,1665.0,1659.0,6.0,99.63963963963964,0.36036036036036023,23309.0,21777.0,1532.0,13.270000670294381,64.20787929589271,50.93787862559833,14.214751958224543,1532.0,142330.0,854.0,21777.0,0.8640723634026656,0.13592763659733442,0.13270000670294382,14.214751958224543,0.6420787929589271,0.8672999932970562,0.0657256853575872,0.1192449892975287
15,15.0,1665.0,1651.0,14.0,99.15915915915916,0.8408408408408405,24974.0,23428.0,1546.0,14.276051600480175,64.79463537300921,50.51858377252904,15.153945666235446,1546.0,140679.0,840.0,23428.0,0.8542401182031677,0.1457598817968323,0.14276051600480175,15.153945666235446,0.6479463537300922,0.8572394839951982,0.06190438055577801,0.11301169590643276
16,16.0,1665.0,1659.0,6.0,99.63963963963964,0.36036036036036023,26639.0,25087.0,1552.0,15.286977398892185,65.04610226320202,49.75912486430983,16.16430412371134,1552.0,139020.0,834.0,25087.0,0.8443117728673277,0.15568822713267225,0.15286977398892188,16.16430412371134,0.6504610226320201,0.8471302260110781,0.058260445211907354,0.10694229112833764
17,17.0,1665.0,1653.0,12.0,99.27927927927928,0.7207207207207205,28304.0,26740.0,1564.0,16.294247046134533,65.54903604358759,49.25478899745306,17.097186700767264,1564.0,137367.0,822.0,26740.0,0.8344555026337444,0.16554449736625565,0.16294247046134533,17.097186700767264,0.6554903604358759,0.8370575295386546,0.05525720746184285,0.10192245030954708
18,18.0,1665.0,1653.0,12.0,99.27927927927928,0.7207207207207205,29969.0,28393.0,1576.0,17.301516693376882,66.05196982397318,48.7504531305963,18.015862944162436,1576.0,135714.0,810.0,28393.0,0.824599232400161,0.17540076759983902,0.1730151669337688,18.015862944162436,0.6605196982397318,0.8269848330662312,0.05258767392972739,0.09741925513830937
19,19.0,1665.0,1657.0,8.0,99.51951951951952,0.4804804804804803,31634.0,30050.0,1584.0,18.31122377473234,66.3872590108969,48.07603523616456,18.970959595959595,1584.0,134057.0,802.0,30050.0,0.8146949120984065,0.18530508790159347,0.18311223774732338,18.970959595959595,0.663872590108969,0.8168877622526766,0.050072706581526204,0.09312169312169313
20,20.0,1665.0,1654.0,11.0,99.33933933933933,0.6606606606606675,33299.0,31704.0,1595.0,19.319102780502966,66.84828164291702,47.52917886241405,19.877115987460815,1595.0,132403.0,791.0,31704.0,0.8048266293477804,0.19517337065221962,0.19319102780502964,19.877115987460815,0.6684828164291702,0.8068089721949704,0.047899336316405895,0.0893933025080566
21,21.0,1665.0,1651.0,14.0,99.15915915915916,0.8408408408408405,34964.0,33355.0,1609.0,20.32515371068876,67.43503772003353,47.109884009344775,20.730267246737103,1609.0,130752.0,777.0,33355.0,0.7949943841482825,0.20500561585171748,0.2032515371068876,20.730267246737103,0.6743503772003353,0.7967484628931124,0.0460187621553598,0.08615796519410977
22,22.0,1664.0,1658.0,6.0,99.63942307692308,0.3605769230769198,36628.0,35013.0,1615.0,21.335470150572494,67.68650461022632,46.35103445965383,21.679876160990712,1615.0,129094.0,771.0,35013.0,0.785072045070964,0.21492795492903605,0.21335470150572491,21.679876160990712,0.6768650461022632,0.7866452984942751,0.04409195151250409,0.0827907930486492
23,23.0,1665.0,1655.0,10.0,99.3993993993994,0.6006006006006004,38293.0,36668.0,1625.0,22.343958514871396,68.10561609388097,45.76165757900957,22.564923076923076,1625.0,127439.0,761.0,36668.0,0.7751917498032951,0.22480825019670497,0.22343958514871395,22.564923076923076,0.6810561609388097,0.776560414851286,0.04243595435197033,0.0798938026991814
24,24.0,1665.0,1645.0,20.0,98.7987987987988,1.2012012012012008,39958.0,38313.0,1645.0,23.346353293887525,68.94383906119027,45.59748576730275,23.290577507598783,1645.0,125794.0,741.0,38313.0,0.7654315797060537,0.23456842029394628,0.23346353293887526,23.290577507598783,0.6894383906119028,0.7665364670611248,0.04116822663796987,0.07769695824674099
25,25.0,1665.0,1654.0,11.0,99.33933933933933,0.6606606606606675,41623.0,39967.0,1656.0,24.35423229965815,69.40486169321039,45.05062939355224,24.13466183574879,1656.0,124140.0,730.0,39967.0,0.7555632969554276,0.24443670304457243,0.2435423229965815,24.13466183574879,0.694048616932104,0.7564576770034185,0.03978569540878841,0.07525733372719216
26,26.0,1665.0,1655.0,10.0,99.3993993993994,0.6006006006006004,43288.0,41622.0,1666.0,25.362720663957052,69.82397317686505,44.461252512908004,24.983193277310924,1666.0,122485.0,720.0,41622.0,0.7456830016877587,0.25431699831224136,0.2536272066395705,24.983193277310924,0.6982397317686505,0.7463727933604295,0.03848641655886158,0.07295178876384814
27,27.0,1665.0,1658.0,7.0,99.57957957957957,0.4204204204204274,44953.0,43280.0,1673.0,26.373037103840787,70.1173512154233,43.74431411158251,25.869695158398088,1673.0,120827.0,713.0,43280.0,0.7357666688689615,0.26423333113103853,0.26373037103840785,25.869695158398088,0.7011735121542331,0.7362696289615921,0.03721664849954397,0.07068167895392805
28,28.0,1665.0,1653.0,12.0,99.27927927927928,0.7207207207207205,46618.0,44933.0,1685.0,27.380306751083136,70.62028499580889,43.23997824472575,26.66646884272997,1685.0,119174.0,701.0,44933.0,0.7259103986353781,0.27408960136462196,0.27380306751083133,26.66646884272997,0.7062028499580888,0.7261969324891686,0.036144836758333694,0.06876989633499307
29,29.0,1665.0,1661.0,4.0,99.75975975975976,0.24024024024024015,48283.0,46594.0,1689.0,28.3924512665517,70.78792958927075,42.39547832271904,27.58673771462404,1689.0,117513.0,697.0,46594.0,0.7159580282654526,0.28404197173454737,0.283924512665517,27.58673771462404,0.7078792958927075,0.716075487334483,0.03498125634281217,0.06666798239554758
30,30.0,1665.0,1654.0,11.0,99.33933933933933,0.6606606606606675,49948.0,48248.0,1700.0,29.400330272322325,71.24895222129086,41.84862194896854,28.381176470588237,1700.0,115859.0,686.0,48248.0,0.7060897455148264,0.29391025448517355,0.2940033027232233,28.381176470588237,0.7124895222129086,0.7059966972767767,0.03403539681268519,0.06496732525700309
31,31.0,1665.0,1655.0,10.0,99.3993993993994,0.6006006006006004,51613.0,49903.0,1710.0,30.40881863662123,71.66806370494551,41.259245068324276,29.183040935672516,1710.0,114204.0,676.0,49903.0,0.6962094502471575,0.3037905497528425,0.30408818636621227,29.183040935672516,0.7166806370494552,0.6959118136337877,0.03313118787902273,0.06333450619455916
32,32.0,1665.0,1656.0,9.0,99.45945945945945,0.5405405405405475,53278.0,51559.0,1719.0,31.41791635944841,72.0452640402347,40.627347680786286,29.993600930773706,1719.0,112548.0,667.0,51559.0,0.6863171424624459,0.31368285753755415,0.3141791635944841,29.993600930773706,0.720452640402347,0.6858208364055159,0.03226472465182627,0.06176343776947398
33,33.0,1665.0,1657.0,8.0,99.51951951951952,0.4804804804804803,54943.0,53216.0,1727.0,32.42762344080386,72.38055322715843,39.95292978635457,30.814128546612622,1727.0,110891.0,659.0,53216.0,0.6764128221606914,0.32358717783930857,0.32427623440803865,30.814128546612622,0.7238055322715843,0.6757237655919613,0.03143257557832663,0.06024873973032846
34,34.0,1665.0,1653.0,12.0,99.27927927927928,0.7207207207207205,56608.0,54869.0,1739.0,33.434893088046216,72.883487007544,39.44859391949779,31.552041403105232,1739.0,109238.0,647.0,54869.0,0.666556551927108,0.33344344807289195,0.33434893088046214,31.552041403105232,0.7288348700754401,0.6656510691195379,0.030720039570378745,0.058955147981150625
35,35.0,1665.0,1651.0,14.0,99.15915915915916,0.8408408408408405,58273.0,56520.0,1753.0,34.44094401823201,73.47024308466052,39.029299066428514,32.24187107815174,1753.0,107587.0,633.0,56520.0,0.6567243067276102,0.3432756932723898,0.34440944018232006,32.24187107815174,0.7347024308466052,0.6555905598176799,0.030082542515401645,0.05779851299889547
36,36.0,1664.0,1653.0,11.0,99.3389423076923,0.6610576923076934,59937.0,58173.0,1764.0,35.448213665474356,73.93126571668064,38.483052051206286,32.97789115646258,1764.0,105934.0,622.0,58173.0,0.6468620302355054,0.35313796976449463,0.35448213665474354,32.97789115646258,0.7393126571668064,0.6455178633452564,0.029430902447569948,0.05660831474736453
37,37.0,1665.0,1652.0,13.0,99.21921921921921,0.7807807807807876,61602.0,59825.0,1777.0,36.45487395418843,74.47611064543169,38.02123669124326,33.66629150253236,1777.0,104282.0,609.0,59825.0,0.6370177725189647,0.36298222748103526,0.36454873954188427,33.66629150253236,0.7447611064543168,0.6354512604581157,0.028846466023830394,0.05554166406201163
38,38.0,1665.0,1656.0,9.0,99.45945945945945,0.5405405405405475,63267.0,61481.0,1786.0,37.46397167701561,74.85331098072088,37.38933930370527,34.42385218365062,1786.0,102626.0,600.0,61481.0,0.6271254647342531,0.37287453526574693,0.37463971677015606,34.42385218365062,0.7485331098072087,0.6253602832298439,0.02822956675676103,0.05440726242517478
39,39.0,1665.0,1654.0,11.0,99.33933933933933,0.6606606606606675,64932.0,63135.0,1797.0,38.47185068278623,75.314333612741,36.84248292995476,35.13355592654424,1797.0,100972.0,589.0,63135.0,0.6172571819836269,0.38274281801637305,0.3847185068278623,35.13355592654424,0.7531433361274099,0.6152814931721377,0.02767510626501571,0.053388395377165096
40,40.0,1665.0,1655.0,10.0,99.3993993993994,0.6006006006006004,66597.0,64790.0,1807.0,39.48033904708513,75.73344509639564,36.25310604931051,35.85500830105147,1807.0,99317.0,579.0,64790.0,0.607376886715958,0.392623113284042,0.39480339047085133,35.85500830105147,0.7573344509639565,0.6051966095291487,0.02713335435530129,0.05238971920618123
41,41.0,1665.0,1658.0,7.0,99.57957957957957,0.4204204204204274,68262.0,66448.0,1814.0,40.49065548696887,76.0268231349539,35.53616764798503,36.63065049614112,1814.0,97659.0,572.0,66448.0,0.5974605538971608,0.40253944610283915,0.4049065548696887,36.63065049614112,0.760268231349539,0.5950934451303114,0.026574082212651257,0.051353187634469485
42,42.0,1665.0,1654.0,11.0,99.33933933933933,0.6606606606606675,69927.0,68102.0,1825.0,41.498534492739495,76.48784576697402,34.989311274234524,37.31616438356164,1825.0,96005.0,561.0,68102.0,0.5875922711465347,0.4124077288534653,0.4149853449273949,37.31616438356164,0.7648784576697402,0.5850146550726051,0.02609864573054757,0.05047501832312309
43,43.0,1665.0,1651.0,14.0,99.15915915915916,0.8408408408408405,71592.0,69753.0,1839.0,42.50458542292529,77.07460184409052,34.570016421165235,37.92985318107667,1839.0,94354.0,547.0,69753.0,0.5777600259470368,0.4222399740529632,0.42504585422925284,37.92985318107667,0.7707460184409053,0.5749541457707471,0.02568722762319812,0.049717483576198325
44,44.0,1665.0,1657.0,8.0,99.51951951951952,0.4804804804804803,73257.0,71410.0,1847.0,43.514292504280746,77.40989103101425,33.89559852673351,38.66269626421224,1847.0,92697.0,539.0,71410.0,0.5678557056452824,0.43214429435471763,0.43514292504280744,38.66269626421224,0.7740989103101426,0.5648570749571926,0.02521260766889171,0.04883465753605754
45,45.0,1665.0,1650.0,15.0,99.09909909909909,0.9009009009009077,74922.0,73060.0,1862.0,44.51973407593826,78.03855825649623,33.51882418055797,39.23737916219119,1862.0,91047.0,524.0,73060.0,0.5580354729628273,0.44196452703717276,0.4451973407593826,39.23737916219119,0.7803855825649623,0.5548026592406174,0.024852513280478362,0.04817095255342267
46,46.0,1665.0,1651.0,14.0,99.15915915915916,0.8408408408408405,76587.0,74711.0,1876.0,45.52578500612405,78.62531433361274,33.09952932748868,39.82462686567164,1876.0,89396.0,510.0,74711.0,0.5482032277633294,0.4517967722366706,0.45525785006124053,39.82462686567164,0.7862531433361274,0.5447421499387595,0.024495018736861347,0.047509908449723325
47,47.0,1665.0,1661.0,4.0,99.75975975975976,0.24024024024024015,78252.0,76372.0,1880.0,46.537929521592616,78.79295892707461,32.25502940548199,40.62340425531915,1880.0,87735.0,506.0,76372.0,0.538250857393404,0.46174914260659605,0.4653792952159262,40.62340425531915,0.787929589270746,0.5346207047840738,0.02402494504932781,0.046628140578883405
48,48.0,1665.0,1654.0,11.0,99.33933933933933,0.6606606606606675,79917.0,78026.0,1891.0,47.54580852736324,79.25398155909473,31.708173031731484,41.26176626123744,1891.0,86081.0,495.0,78026.0,0.5283825746427778,0.47161742535722223,0.4754580852736324,41.26176626123744,0.7925398155909472,0.5245419147263676,0.023662049376227838,0.04595215241242725
49,49.0,1665.0,1659.0,6.0,99.63963963963964,0.36036036036036023,81582.0,79685.0,1897.0,48.55673432577526,79.50544844928751,30.948714123512254,42.00579862941487,1897.0,84422.0,489.0,79685.0,0.5184542293069379,0.48154577069306215,0.4855673432577526,42.00579862941487,0.7950544844928751,0.5144326567422475,0.023252678286877007,0.04518387957317072
50,50.0,1664.0,1652.0,12.0,99.27884615384616,0.7211538461538396,83246.0,81337.0,1909.0,49.563394614489326,80.00838222967309,30.444987615183763,42.60712414876899,1909.0,82770.0,477.0,81337.0,0.5086039653318758,0.4913960346681242,0.49563394614489326,42.60712414876899,0.8000838222967309,0.5043660538551067,0.02293203277034332,0.04458613602391629
51,51.0,1665.0,1655.0,10.0,99.3993993993994,0.6006006006006004,84911.0,82992.0,1919.0,50.57188297878823,80.42749371332775,29.855610734539518,43.24752475247525,1919.0,81115.0,467.0,82992.0,0.4987236700642069,0.5012763299357931,0.5057188297878823,43.24752475247525,0.8042749371332775,0.4942811702121177,0.022600134258223315,0.0439648556078674
52,52.0,1665.0,1655.0,10.0,99.3993993993994,0.6006006006006004,86576.0,84647.0,1929.0,51.58037134308713,80.8466051969824,29.266233853895265,43.8812856402281,1929.0,79460.0,457.0,84647.0,0.488843374796538,0.5111566252034621,0.5158037134308713,43.8812856402281,0.808466051969824,0.48419628656912866,0.022281001663278507,0.04336683078168207
53,53.0,1665.0,1658.0,7.0,99.57957957957957,0.4204204204204274,88241.0,86305.0,1936.0,52.59068778297087,81.13998323554065,28.549295452569787,44.57902892561984,1936.0,77802.0,450.0,86305.0,0.47892704197774083,0.5210729580222592,0.5259068778297087,44.57902892561984,0.8113998323554066,0.4740931221702913,0.021939914552192293,0.042724574354221154
54,54.0,1665.0,1659.0,6.0,99.63963963963964,0.36036036036036023,89906.0,87964.0,1942.0,53.60161358138288,81.39145012573344,27.789836544350564,45.295571575695156,1942.0,76143.0,444.0,87964.0,0.46899869664190086,0.5310013033580991,0.5360161358138288,45.295571575695156,0.8139145012573344,0.4639838641861712,0.021600338130936755,0.04208382091622242
55,55.0,1665.0,1658.0,7.0,99.57957957957957,0.4204204204204274,91571.0,89622.0,1949.0,54.611930021266616,81.6848281642917,27.072898143025085,45.98358132375577,1949.0,74485.0,437.0,89622.0,0.4590823638231037,0.5409176361768964,0.5461193002126661,45.98358132375577,0.816848281642917,0.45388069978733386,0.021284030970503763,0.04148706323105251
56,56.0,1665.0,1660.0,5.0,99.69969969969969,0.3003003003003073,93236.0,91282.0,1954.0,55.6234651782069,81.89438390611903,26.270918727912132,46.715455475946776,1954.0,72825.0,432.0,91282.0,0.44914200597022097,0.550857994029779,0.556234651782069,46.715455475946776,0.8189438390611903,0.443765348217931,0.020957570037324638,0.04086925602894731
57,57.0,1665.0,1654.0,11.0,99.33933933933933,0.6606606606606675,94901.0,92936.0,1965.0,56.631344183977525,82.35540653813915,25.724062354161624,47.295674300254454,1965.0,71171.0,421.0,92936.0,0.4392737232195948,0.5607262767804052,0.5663134418397753,47.295674300254454,0.8235540653813914,0.4336865581602247,0.020705788137111304,0.04039594190385149
58,58.0,1665.0,1655.0,10.0,99.3993993993994,0.6006006006006004,96566.0,94591.0,1975.0,57.63983254827643,82.7745180217938,25.134685473517365,47.89417721518987,1975.0,69516.0,411.0,94591.0,0.4293934279519259,0.5706065720480741,0.5763983254827643,47.89417721518987,0.827745180217938,0.4236016745172357,0.020452333119317358,0.039918344247716064
59,59.0,1665.0,1657.0,8.0,99.51951951951952,0.4804804804804803,98231.0,96248.0,1983.0,58.64953962963189,83.10980720871751,24.460267579085624,48.53656076651538,1983.0,67859.0,403.0,96248.0,0.4194891076501715,0.5805108923498286,0.5864953962963189,48.53656076651538,0.8310980720871752,0.41350460370368114,0.020187109975465994,0.03941679835415487
60,60.0,1665.0,1656.0,9.0,99.45945945945945,0.5405405405405475,99896.0,97904.0,1992.0,59.65863735245907,83.4870075440067,23.828370191547634,49.14859437751004,1992.0,66203.0,394.0,97904.0,0.4095967998654598,0.5904032001345402,0.5965863735245907,49.14859437751004,0.8348700754400671,0.40341362647540935,0.019940738367902618,0.038951135097084526
61,61.0,1665.0,1653.0,12.0,99.27927927927928,0.7207207207207205,101561.0,99557.0,2004.0,60.66590699970141,83.98994132439229,23.324034324690878,49.67914171656687,2004.0,64550.0,382.0,99557.0,0.3997405296318764,0.6002594703681235,0.6066590699970141,49.67914171656687,0.8398994132439229,0.39334093000298587,0.01973198373391361,0.03855811134520477
62,62.0,1665.0,1654.0,11.0,99.33933933933933,0.6606606606606675,103226.0,101211.0,2015.0,61.67378600547204,84.45096395641241,22.77717795094037,50.2287841191067,2015.0,62896.0,371.0,101211.0,0.3898722468812503,0.6101277531187498,0.6167378600547204,50.2287841191067,0.8445096395641241,0.3832621399452796,0.01952027589948269,0.038158542589857215
63,63.0,1665.0,1658.0,7.0,99.57957957957957,0.4204204204204274,104891.0,102869.0,2022.0,62.68410244535578,84.74434199497067,22.06023954961489,50.874876360039565,2022.0,61238.0,364.0,102869.0,0.37995591406245305,0.6200440859375469,0.6268410244535577,50.874876360039565,0.8474434199497066,0.3731589755464423,0.019277154379308045,0.037696803601890434
64,64.0,1665.0,1652.0,13.0,99.21921921921921,0.7807807807807876,106556.0,104521.0,2035.0,63.69076273406984,85.28918692372172,21.598424189651872,51.36167076167076,2035.0,59586.0,351.0,104521.0,0.3701116563459124,0.6298883436540875,0.6369076273406985,51.36167076167076,0.852891869237217,0.36309237265930155,0.019097939111828523,0.037359328817168774
65,65.0,1664.0,1648.0,16.0,99.03846153846153,0.961538461538467,108220.0,106169.0,2051.0,64.6949855886708,85.95976529756915,21.264779708898345,51.76450511945392,2051.0,57938.0,335.0,106169.0,0.36030944243902147,0.6396905575609786,0.6469498558867081,51.76450511945392,0.8595976529756916,0.35305014411329194,0.018952134540750322,0.037086595663888035
66,66.0,1665.0,1657.0,8.0,99.51951951951952,0.4804804804804803,109885.0,107826.0,2059.0,65.70469267002626,86.29505448449288,20.59036181446662,52.368139873725106,2059.0,56281.0,327.0,107826.0,0.35040512213726704,0.649594877862733,0.6570469267002627,52.368139873725106,0.8629505448449287,0.34295307329973734,0.018737771306365746,0.03667910680407229
67,67.0,1665.0,1655.0,10.0,99.3993993993994,0.6006006006006004,111550.0,109481.0,2069.0,66.71318103432516,86.71416596814753,20.000984933822366,52.91493475108748,2069.0,54626.0,317.0,109481.0,0.3405248268695981,0.6594751731304018,0.6671318103432516,52.91493475108748,0.8671416596814753,0.33286818965674836,0.01854773644105782,0.036318635023170905
68,68.0,1665.0,1644.0,21.0,98.73873873873873,1.261261261261268,113215.0,111125.0,2090.0,67.71496645481302,87.59430008382229,19.879333629009267,53.16985645933014,2090.0,52982.0,296.0,111125.0,0.3307766692893995,0.6692233307106005,0.6771496645481302,53.16985645933014,0.875943000838223,0.3228503354518698,0.01846045135361922,0.036158856757294494
69,69.0,1665.0,1657.0,8.0,99.51951951951952,0.4804804804804803,114880.0,112782.0,2098.0,68.72467353616848,87.92958927074602,19.20491573457754,53.75691134413727,2098.0,51325.0,288.0,112782.0,0.3208723489876451,0.6791276510123548,0.6872467353616848,53.75691134413727,0.8792958927074602,0.31275326463831526,0.018262534818941505,0.035781897566216976
70,70.0,1665.0,1655.0,10.0,99.3993993993994,0.6006006006006004,116545.0,114437.0,2108.0,69.73316190046738,88.34870075440067,18.615538853933288,54.28700189753321,2108.0,49670.0,278.0,114437.0,0.31099205371997624,0.6890079462800238,0.6973316190046738,54.28700189753321,0.8834870075440067,0.3026683809953262,0.018087434038354284,0.03544912596379413
71,71.0,1665.0,1655.0,10.0,99.3993993993994,0.6006006006006004,118210.0,116092.0,2118.0,70.74165026476628,88.76781223805533,18.02616197328905,54.81208687440982,2118.0,48015.0,268.0,116092.0,0.3011117584523073,0.6988882415476927,0.7074165026476628,54.81208687440982,0.8876781223805532,0.2925834973523372,0.017917265882751037,0.035125543135759066
72,72.0,1665.0,1655.0,10.0,99.3993993993994,0.6006006006006004,119875.0,117747.0,2128.0,71.75013862906518,89.18692372170997,17.436785092644797,55.33223684210526,2128.0,46360.0,258.0,117747.0,0.2912314631846384,0.7087685368153616,0.7175013862906519,55.33223684210526,0.8918692372170998,0.28249861370934815,0.017751824817518247,0.03481077367271656
73,73.0,1665.0,1660.0,5.0,99.69969969969969,0.3003003003003073,121540.0,119407.0,2133.0,72.76167378600547,89.3964794635373,16.63480567753183,55.980778246601034,2133.0,44700.0,253.0,119407.0,0.28129110533175566,0.7187088946682443,0.7276167378600548,55.980778246601034,0.893964794635373,0.2723832621399453,0.01754977785091328,0.03442376902344948
74,74.0,1665.0,1654.0,11.0,99.33933933933933,0.6606606606606675,123205.0,121061.0,2144.0,73.76955279177609,89.85750209555742,16.08794930378133,56.46501865671642,2144.0,43046.0,242.0,121061.0,0.27142282258112954,0.7285771774188705,0.7376955279177609,56.46501865671642,0.8985750209555742,0.262304472082239,0.01740189115701473,0.03414257391055091
75,75.0,1665.0,1654.0,11.0,99.33933933933933,0.6606606606606675,124870.0,122715.0,2155.0,74.77743179754673,90.31852472757754,15.541092930030814,56.94431554524362,2155.0,41392.0,231.0,122715.0,0.26155453983050336,0.7384454601694966,0.7477743179754672,56.94431554524362,0.9031852472757753,0.25222568202453277,0.017257948266196844,0.03386873703401018
76,76.0,1665.0,1651.0,14.0,99.15915915915916,0.8408408408408405,126535.0,124366.0,2169.0,75.78348272773252,90.90528080469404,15.121798076961525,57.337943752881515,2169.0,39741.0,217.0,124366.0,0.2517222946310055,0.7482777053689945,0.7578348272773252,57.337943752881515,0.9090528080469404,0.24216517272267485,0.017141502351128147,0.03364851343070563
77,77.0,1665.0,1660.0,5.0,99.69969969969969,0.3003003003003073,128200.0,126026.0,2174.0,76.7950178846728,91.11483654652137,14.319818661848572,57.96964121435143,2174.0,38081.0,212.0,126026.0,0.2417819367781228,0.7582180632218772,0.767950178846728,57.96964121435143,0.9111483654652137,0.23204982115327194,0.016957878315132607,0.03329606542814697
78,78.0,1665.0,1652.0,13.0,99.21921921921921,0.7807807807807876,129865.0,127678.0,2187.0,77.80167817338688,91.65968147527242,13.858003301885546,58.380429812528575,2187.0,36429.0,199.0,127678.0,0.23193767906158216,0.7680623209384179,0.7780167817338688,58.380429812528575,0.9165968147527243,0.22198321826613124,0.01684056520232549,0.033073473924582805
79,79.0,1664.0,1652.0,12.0,99.27884615384616,0.7211538461538396,131529.0,129330.0,2199.0,78.80833846210095,92.16261525565801,13.354276793557062,58.813096862210095,2199.0,34777.0,187.0,129330.0,0.22208741508652016,0.7779125849134798,0.7880833846210095,58.813096862210095,0.9216261525565801,0.21191661537899054,0.016718746436147163,0.0328417279617668
80,80.0,1665.0,1652.0,13.0,99.21921921921921,0.7807807807807876,133194.0,130982.0,2212.0,79.81499875081502,92.70746018440906,12.892461433594036,59.214285714285715,2212.0,33125.0,174.0,130982.0,0.2122431573699795,0.7877568426300204,0.7981499875081501,59.214285714285715,0.9270746018440905,0.20185001249184983,0.0166073546856465,0.03263018144269066
81,81.0,1665.0,1658.0,7.0,99.57957957957957,0.4204204204204274,134859.0,132640.0,2219.0,80.82531519069875,93.0008382229673,12.175523032268558,59.77467327625056,2219.0,31467.0,167.0,132640.0,0.20232682455118234,0.7976731754488177,0.8082531519069875,59.77467327625056,0.9300083822296731,0.19174684809301248,0.016454222558375784,0.03233633283544027
82,82.0,1665.0,1662.0,3.0,99.81981981981981,0.18018018018018722,136524.0,134302.0,2222.0,81.83806906469559,93.1265716680637,11.288502603368116,60.44194419441944,2222.0,29805.0,164.0,134302.0,0.19236244166421412,0.8076375583357859,0.818380690646956,60.44194419441944,0.9312657166806371,0.18161930935304404,0.016275526647329407,0.031991937225541715
83,83.0,1665.0,1659.0,6.0,99.63963963963964,0.36036036036036023,138189.0,135961.0,2228.0,82.8489948631076,93.37803855825649,10.529043695148886,61.0237881508079,2228.0,28146.0,158.0,135961.0,0.18243409632837418,0.8175659036716258,0.8284899486310761,61.0237881508079,0.9337803855825649,0.17151005136892394,0.016122846246806908,0.03169838164680775
84,84.0,1665.0,1659.0,6.0,99.63963963963964,0.36036036036036023,139854.0,137620.0,2234.0,83.85992066151962,93.6295054484493,9.76958478692967,61.60250671441361,2234.0,26487.0,152.0,137620.0,0.1725057509925342,0.8274942490074658,0.8385992066151962,61.60250671441361,0.9362950544844929,0.16140079338480381,0.01597380124987487,0.03141169853768279
85,85.0,1665.0,1653.0,12.0,99.27927927927928,0.7207207207207205,141519.0,139273.0,2246.0,84.86719030876196,94.13243922883487,9.265248920072906,62.0093499554764,2246.0,24834.0,140.0,139273.0,0.16264948075895083,0.8373505192410492,0.8486719030876196,62.0093499554764,0.9413243922883487,0.15132809691238033,0.01587066047668511,0.03121503769848164
86,86.0,1665.0,1652.0,13.0,99.21921921921921,0.7807807807807876,143184.0,140925.0,2259.0,85.87385059747604,94.67728415758592,8.80343356010988,62.38379814077025,2259.0,23182.0,127.0,140925.0,0.1528052230424102,0.8471947769575898,0.8587385059747604,62.38379814077025,0.9467728415758592,0.14126149402523963,0.015776902447200803,0.03103661468709212
87,87.0,1665.0,1660.0,5.0,99.69969969969969,0.3003003003003073,144849.0,142585.0,2264.0,86.88538575441632,94.88683989941325,8.001454144996927,62.97924028268551,2264.0,21522.0,122.0,142585.0,0.14286486518952748,0.8571351348104725,0.8688538575441632,62.97924028268551,0.9488683989941324,0.13114614245583675,0.01563006993489772,0.030753557238428365
88,88.0,1665.0,1661.0,4.0,99.75975975975976,0.24024024024024015,146514.0,144246.0,2268.0,87.8975302698849,95.0544844928751,7.156954222990208,63.6005291005291,2268.0,19861.0,118.0,144246.0,0.13291249481960202,0.867087505180398,0.8789753026988489,63.6005291005291,0.950544844928751,0.12102469730115108,0.015479749375486301,0.03046339825386165
89,89.0,1665.0,1656.0,9.0,99.45945945945945,0.5405405405405475,148179.0,145902.0,2277.0,88.90662799271207,95.4316848281643,6.525056835452219,64.0764163372859,2277.0,18205.0,109.0,145902.0,0.12302018703489036,0.8769798129651096,0.8890662799271207,64.0764163372859,0.9543168482816429,0.11093372007287929,0.015366549915979997,0.030246073124564142
90,90.0,1665.0,1659.0,6.0,99.63963963963964,0.36036036036036023,149844.0,147561.0,2283.0,89.91755379112408,95.68315171835708,5.765597927233003,64.634691195795,2283.0,16546.0,103.0,147561.0,0.11309184169905041,0.8869081583009496,0.8991755379112408,64.634691195795,0.9568315171835708,0.10082446208875916,0.015235845279090254,0.02999408789331932
91,91.0,1665.0,1654.0,11.0,99.33933933933933,0.6606606606606675,151509.0,149215.0,2294.0,90.92543279689471,96.1441743503772,5.218741553482488,65.04577157802964,2294.0,14892.0,92.0,149215.0,0.10322355894842426,0.8967764410515757,0.9092543279689471,65.04577157802964,0.961441743503772,0.09074567203105291,0.015141014725197842,0.02981253452028981
92,92.0,1665.0,1658.0,7.0,99.57957957957957,0.4204204204204274,153174.0,150873.0,2301.0,91.93574923677845,96.43755238893546,4.501803152157009,65.5684485006519,2301.0,13234.0,85.0,150873.0,0.09330722612962707,0.906692773870373,0.9193574923677844,65.5684485006519,0.9643755238893545,0.08064250763221556,0.015022131693368326,0.029583440473129337
93,93.0,1664.0,1657.0,7.0,99.57932692307692,0.4206730769230802,154838.0,152530.0,2308.0,92.9454563181339,96.73093042749372,3.7854741093598108,66.08752166377816,2308.0,11577.0,78.0,152530.0,0.08339689956935126,0.9166031004306487,0.929454563181339,66.08752166377816,0.9673093042749371,0.07054543681866099,0.014905901652049238,0.02935938533557218
94,94.0,1665.0,1653.0,12.0,99.27927927927928,0.7207207207207205,156503.0,154183.0,2320.0,93.95272596537625,97.2338642078793,3.2811382425030473,66.45818965517242,2320.0,9924.0,66.0,154183.0,0.07354062933576787,0.9264593706642321,0.9395272596537625,66.45818965517242,0.972338642078793,0.060472740346237515,0.014823996984083373,0.029202776781274982
95,95.0,1665.0,1656.0,9.0,99.45945945945945,0.5405405405405475,158168.0,155839.0,2329.0,94.96182368820342,97.61106454316848,2.6492408549650577,66.91240875912409,2329.0,8268.0,57.0,155839.0,0.0636483215510562,0.9363516784489438,0.9496182368820343,66.91240875912409,0.9761106454316848,0.05038176311796572,0.014724849527085125,0.02901204579144712
96,96.0,1665.0,1657.0,8.0,99.51951951951952,0.4804804804804803,159833.0,157496.0,2337.0,95.97153076955888,97.9463537300922,1.9748229605333165,67.39238339751819,2337.0,6611.0,49.0,157496.0,0.05374400124930177,0.9462559987506982,0.9597153076955889,67.39238339751819,0.9794635373009221,0.040284692304411146,0.014621511202317418,0.0288129010781721
97,97.0,1665.0,1655.0,10.0,99.3993993993994,0.6006006006006004,161498.0,159151.0,2347.0,96.9800191338578,98.36546521374686,1.3854460798890642,67.81039625053259,2347.0,4956.0,39.0,159151.0,0.04386370598163286,0.9561362940183671,0.9698001913385779,67.81039625053259,0.9836546521374686,0.03019980866142212,0.014532687711302927,0.028642210343901787
98,98.0,1665.0,1651.0,14.0,99.15915915915916,0.8408408408408405,163163.0,160802.0,2361.0,97.98607006404359,98.95222129086336,0.9661512268197754,68.10758153324862,2361.0,3305.0,25.0,160802.0,0.03403146078213498,0.965968539217865,0.9798607006404358,68.10758153324862,0.9895222129086337,0.020139299359564187,0.014470192384302813,0.028523277096207163
99,99.0,1665.0,1649.0,16.0,99.03903903903904,0.9609609609609606,164828.0,162451.0,2377.0,98.99090227717282,99.62279966471081,0.6318973875379896,68.34286916281026,2377.0,1656.0,9.0,162451.0,0.024223240616722624,0.9757767593832773,0.9899090227717282,68.34286916281026,0.9962279966471081,0.010090977228271798,0.014421093503530954,0.02843063379860538
100,100.0,1665.0,1656.0,9.0,99.45945945945945,0.5405405405405475,166493.0,164107.0,2386.0,100.0,100.0,0.0,68.77912824811399,2386.0,0.0,0.0,164107.0,0.014330932832010956,0.9856690671679891,1.0,68.77912824811399,1.0,0.0,0.014330932832010956,0.028256917674784908
